analysis,stat_aligned,row_stat_name,row_value,row_n,insp_stat_name,inspection_value,inspection_n
3.1_correlation,pearson_Closed_vs_is_blue,pearson_Closed_vs_is_blue,-0.0044,92189.0,,,
3.1_correlation,pearson_Closed_vs_is_red,pearson_Closed_vs_is_red,0.0172,92189.0,,,
3.1_correlation,pearson_Grade_ord_vs_Closed,pearson_Grade_ord_vs_Closed,-0.0242,92189.0,pearson_Grade_ord_vs_Closed,-0.0118,59893.0
3.1_correlation,pearson_Grade_ord_vs_Result_enc,pearson_Grade_ord_vs_Result_enc,-0.4377,92189.0,pearson_Grade_ord_vs_Result_enc,-0.3356,59893.0
3.1_correlation,pearson_Grade_ord_vs_is_blue,pearson_Grade_ord_vs_is_blue,-0.0751,92189.0,,,
3.1_correlation,pearson_Grade_ord_vs_is_red,pearson_Grade_ord_vs_is_red,-0.305,92189.0,,,
3.1_correlation,pearson_Inspection_Score_vs_Closed,pearson_Inspection_Score_vs_Closed,0.0517,92189.0,pearson_Inspection_Score_vs_Closed,0.0287,59893.0
3.1_correlation,pearson_Inspection_Score_vs_Grade_ord,pearson_Inspection_Score_vs_Grade_ord,-0.5369,92189.0,pearson_Inspection_Score_vs_Grade_ord,-0.4434,59893.0
3.1_correlation,pearson_Inspection_Score_vs_Red_Violation (is_red / has_red),pearson_Inspection_Score_vs_is_red,0.383,92189.0,pearson_Inspection_Score_vs_has_red,0.672,59893.0
3.1_correlation,pearson_Inspection_Score_vs_Result_enc,pearson_Inspection_Score_vs_Result_enc,0.6105,92189.0,pearson_Inspection_Score_vs_Result_enc,0.6319,59893.0
3.1_correlation,pearson_Inspection_Score_vs_Risk_Category,pearson_Inspection_Score_vs_Risk_Category,0.1753,92189.0,pearson_Inspection_Score_vs_Risk_Category,0.1406,59893.0
3.1_correlation,pearson_Inspection_Score_vs_Violation_Points (pts / total_pts),pearson_Inspection_Score_vs_Violation_Points,0.5282,92189.0,pearson_Inspection_Score_vs_total_violation_pts,0.9999,59893.0
3.1_correlation,pearson_Inspection_Score_vs_is_blue,pearson_Inspection_Score_vs_is_blue,0.1674,92189.0,,,
3.1_correlation,pearson_Inspection_Score_vs_n_violations,,,,pearson_Inspection_Score_vs_n_violations,0.8888,59893.0
3.1_correlation,pearson_Result_enc_vs_Closed,pearson_Result_enc_vs_Closed,0.0181,92189.0,pearson_Result_enc_vs_Closed,0.0166,59893.0
3.1_correlation,pearson_Result_enc_vs_is_blue,pearson_Result_enc_vs_is_blue,0.0911,92189.0,,,
3.1_correlation,pearson_Result_enc_vs_is_red,pearson_Result_enc_vs_is_red,0.6402,92189.0,,,
3.1_correlation,pearson_Risk_Category_vs_Closed,pearson_Risk_Category_vs_Closed,0.0068,92189.0,pearson_Risk_Category_vs_Closed,0.005,59893.0
3.1_correlation,pearson_Risk_Category_vs_Grade_ord,pearson_Risk_Category_vs_Grade_ord,-0.1373,92189.0,pearson_Risk_Category_vs_Grade_ord,-0.1115,59893.0
3.1_correlation,pearson_Risk_Category_vs_Result_enc,pearson_Risk_Category_vs_Result_enc,0.1754,92189.0,pearson_Risk_Category_vs_Result_enc,0.1231,59893.0
3.1_correlation,pearson_Risk_Category_vs_is_blue,pearson_Risk_Category_vs_is_blue,0.0627,92189.0,,,
3.1_correlation,pearson_Risk_Category_vs_is_red,pearson_Risk_Category_vs_is_red,0.1229,92189.0,,,
3.1_correlation,pearson_Violation_Points_vs_Closed,pearson_Violation_Points_vs_Closed,0.0164,92189.0,,,
3.1_correlation,pearson_Violation_Points_vs_Grade_ord,pearson_Violation_Points_vs_Grade_ord,-0.3447,92189.0,,,
3.1_correlation,pearson_Violation_Points_vs_Result_enc,pearson_Violation_Points_vs_Result_enc,0.5685,92189.0,,,
3.1_correlation,pearson_Violation_Points_vs_Risk_Category,pearson_Violation_Points_vs_Risk_Category,0.1387,92189.0,,,
3.1_correlation,pearson_Violation_Points_vs_is_blue,pearson_Violation_Points_vs_is_blue,-0.06,92189.0,,,
3.1_correlation,pearson_Violation_Points_vs_is_red,pearson_Violation_Points_vs_is_red,0.6618,92189.0,,,
3.1_correlation,pearson_has_red_vs_Closed,,,,pearson_has_red_vs_Closed,0.0148,59893.0
3.1_correlation,pearson_has_red_vs_Grade_ord,,,,pearson_has_red_vs_Grade_ord,-0.3897,59893.0
3.1_correlation,pearson_has_red_vs_Result_enc,,,,pearson_has_red_vs_Result_enc,0.9276,59893.0
3.1_correlation,pearson_has_red_vs_Risk_Category,,,,pearson_has_red_vs_Risk_Category,0.1529,59893.0
3.1_correlation,pearson_is_red_vs_is_blue,pearson_is_red_vs_is_blue,-0.4968,92189.0,,,
3.1_correlation,pearson_n_violations_vs_Closed,,,,pearson_n_violations_vs_Closed,0.022,59893.0
3.1_correlation,pearson_n_violations_vs_Grade_ord,,,,pearson_n_violations_vs_Grade_ord,-0.4048,59893.0
3.1_correlation,pearson_n_violations_vs_Result_enc,,,,pearson_n_violations_vs_Result_enc,0.6175,59893.0
3.1_correlation,pearson_n_violations_vs_Risk_Category,,,,pearson_n_violations_vs_Risk_Category,0.142,59893.0
3.1_correlation,pearson_n_violations_vs_has_red,,,,pearson_n_violations_vs_has_red,0.6496,59893.0
3.1_correlation,pearson_total_violation_pts_vs_Closed,,,,pearson_total_violation_pts_vs_Closed,0.0287,59893.0
3.1_correlation,pearson_total_violation_pts_vs_Grade_ord,,,,pearson_total_violation_pts_vs_Grade_ord,-0.4435,59893.0
3.1_correlation,pearson_total_violation_pts_vs_Result_enc,,,,pearson_total_violation_pts_vs_Result_enc,0.6319,59893.0
3.1_correlation,pearson_total_violation_pts_vs_Risk_Category,,,,pearson_total_violation_pts_vs_Risk_Category,0.1406,59893.0
3.1_correlation,pearson_total_violation_pts_vs_has_red,,,,pearson_total_violation_pts_vs_has_red,0.6722,59893.0
3.1_correlation,pearson_total_violation_pts_vs_n_violations,,,,pearson_total_violation_pts_vs_n_violations,0.8888,59893.0
3.1_correlation,spearman_Closed_vs_is_blue,spearman_Closed_vs_is_blue,-0.0044,92189.0,,,
3.1_correlation,spearman_Closed_vs_is_red,spearman_Closed_vs_is_red,0.0172,92189.0,,,
3.1_correlation,spearman_Grade_ord_vs_Closed,spearman_Grade_ord_vs_Closed,-0.0215,92189.0,spearman_Grade_ord_vs_Closed,-0.0096,59893.0
3.1_correlation,spearman_Grade_ord_vs_Result_enc,spearman_Grade_ord_vs_Result_enc,-0.4699,92189.0,spearman_Grade_ord_vs_Result_enc,-0.3646,59893.0
3.1_correlation,spearman_Grade_ord_vs_is_blue,spearman_Grade_ord_vs_is_blue,-0.0815,92189.0,,,
3.1_correlation,spearman_Grade_ord_vs_is_red,spearman_Grade_ord_vs_is_red,-0.3117,92189.0,,,
3.1_correlation,spearman_Inspection_Score_vs_Closed,spearman_Inspection_Score_vs_Closed,0.0256,92189.0,spearman_Inspection_Score_vs_Closed,0.0151,59893.0
3.1_correlation,spearman_Inspection_Score_vs_Grade_ord,spearman_Inspection_Score_vs_Grade_ord,-0.5511,92189.0,spearman_Inspection_Score_vs_Grade_ord,-0.4067,59893.0
3.1_correlation,spearman_Inspection_Score_vs_Red_Violation (is_red / has_red),spearman_Inspection_Score_vs_is_red,0.5107,92189.0,spearman_Inspection_Score_vs_has_red,0.8217,59893.0
3.1_correlation,spearman_Inspection_Score_vs_Result_enc,spearman_Inspection_Score_vs_Result_enc,0.8215,92189.0,spearman_Inspection_Score_vs_Result_enc,0.8026,59893.0
3.1_correlation,spearman_Inspection_Score_vs_Risk_Category,spearman_Inspection_Score_vs_Risk_Category,0.2259,92189.0,spearman_Inspection_Score_vs_Risk_Category,0.1678,59893.0
3.1_correlation,spearman_Inspection_Score_vs_Violation_Points (pts / total_pts),spearman_Inspection_Score_vs_Violation_Points,0.7985,92189.0,spearman_Inspection_Score_vs_total_violation_pts,0.9996,59893.0
3.1_correlation,spearman_Inspection_Score_vs_is_blue,spearman_Inspection_Score_vs_is_blue,0.3272,92189.0,,,
3.1_correlation,spearman_Inspection_Score_vs_n_violations,,,,spearman_Inspection_Score_vs_n_violations,0.975,59893.0
3.1_correlation,spearman_Result_enc_vs_Closed,spearman_Result_enc_vs_Closed,0.0186,92189.0,spearman_Result_enc_vs_Closed,0.0172,59893.0
3.1_correlation,spearman_Result_enc_vs_is_blue,spearman_Result_enc_vs_is_blue,0.0811,92189.0,,,
3.1_correlation,spearman_Result_enc_vs_is_red,spearman_Result_enc_vs_is_red,0.6604,92189.0,,,
3.1_correlation,spearman_Risk_Category_vs_Closed,spearman_Risk_Category_vs_Closed,0.0072,92189.0,spearman_Risk_Category_vs_Closed,0.0053,59893.0
3.1_correlation,spearman_Risk_Category_vs_Grade_ord,spearman_Risk_Category_vs_Grade_ord,-0.1586,92189.0,spearman_Risk_Category_vs_Grade_ord,-0.1346,59893.0
3.1_correlation,spearman_Risk_Category_vs_Result_enc,spearman_Risk_Category_vs_Result_enc,0.1982,92189.0,spearman_Risk_Category_vs_Result_enc,0.1421,59893.0
3.1_correlation,spearman_Risk_Category_vs_is_blue,spearman_Risk_Category_vs_is_blue,0.0629,92189.0,,,
3.1_correlation,spearman_Risk_Category_vs_is_red,spearman_Risk_Category_vs_is_red,0.1309,92189.0,,,
3.1_correlation,spearman_Violation_Points_vs_Closed,spearman_Violation_Points_vs_Closed,0.0185,92189.0,,,
3.1_correlation,spearman_Violation_Points_vs_Grade_ord,spearman_Violation_Points_vs_Grade_ord,-0.3999,92189.0,,,
3.1_correlation,spearman_Violation_Points_vs_Result_enc,spearman_Violation_Points_vs_Result_enc,0.7469,92189.0,,,
3.1_correlation,spearman_Violation_Points_vs_Risk_Category,spearman_Violation_Points_vs_Risk_Category,0.1783,92189.0,,,
3.1_correlation,spearman_Violation_Points_vs_is_blue,spearman_Violation_Points_vs_is_blue,0.14,92189.0,,,
3.1_correlation,spearman_Violation_Points_vs_is_red,spearman_Violation_Points_vs_is_red,0.7247,92189.0,,,
3.1_correlation,spearman_has_red_vs_Closed,,,,spearman_has_red_vs_Closed,0.0148,59893.0
3.1_correlation,spearman_has_red_vs_Grade_ord,,,,spearman_has_red_vs_Grade_ord,-0.4,59893.0
3.1_correlation,spearman_has_red_vs_Result_enc,,,,spearman_has_red_vs_Result_enc,0.9575,59893.0
3.1_correlation,spearman_has_red_vs_Risk_Category,,,,spearman_has_red_vs_Risk_Category,0.1626,59893.0
3.1_correlation,spearman_is_red_vs_is_blue,spearman_is_red_vs_is_blue,-0.4968,92189.0,,,
3.1_correlation,spearman_n_violations_vs_Closed,,,,spearman_n_violations_vs_Closed,0.0128,59893.0
3.1_correlation,spearman_n_violations_vs_Grade_ord,,,,spearman_n_violations_vs_Grade_ord,-0.3797,59893.0
3.1_correlation,spearman_n_violations_vs_Result_enc,,,,spearman_n_violations_vs_Result_enc,0.7437,59893.0
3.1_correlation,spearman_n_violations_vs_Risk_Category,,,,spearman_n_violations_vs_Risk_Category,0.1618,59893.0
3.1_correlation,spearman_n_violations_vs_has_red,,,,spearman_n_violations_vs_has_red,0.7578,59893.0
3.1_correlation,spearman_total_violation_pts_vs_Closed,,,,spearman_total_violation_pts_vs_Closed,0.0151,59893.0
3.1_correlation,spearman_total_violation_pts_vs_Grade_ord,,,,spearman_total_violation_pts_vs_Grade_ord,-0.407,59893.0
3.1_correlation,spearman_total_violation_pts_vs_Result_enc,,,,spearman_total_violation_pts_vs_Result_enc,0.8027,59893.0
3.1_correlation,spearman_total_violation_pts_vs_Risk_Category,,,,spearman_total_violation_pts_vs_Risk_Category,0.1678,59893.0
3.1_correlation,spearman_total_violation_pts_vs_has_red,,,,spearman_total_violation_pts_vs_has_red,0.8221,59893.0
3.1_correlation,spearman_total_violation_pts_vs_n_violations,,,,spearman_total_violation_pts_vs_n_violations,0.9753,59893.0
3.2_score_by_risk,kruskal_H,kruskal_H,6110.2848,105631.0,kruskal_H,2161.4437,71148.0
3.2_score_by_risk,kruskal_p,kruskal_p,0.0,105631.0,kruskal_p,0.0,71148.0
3.2_score_by_risk,risk_1.0_IQR,risk_1.0_IQR,7.0,7482.0,risk_1.0_IQR,3.0,6541.0
3.2_score_by_risk,risk_1.0_median,risk_1.0_median,0.0,7482.0,risk_1.0_median,0.0,6541.0
3.2_score_by_risk,risk_2.0_IQR,risk_2.0_IQR,10.0,9272.0,risk_2.0_IQR,5.0,7826.0
3.2_score_by_risk,risk_2.0_median,risk_2.0_median,0.0,9272.0,risk_2.0_median,0.0,7826.0
3.2_score_by_risk,risk_3.0_IQR,risk_3.0_IQR,25.0,88877.0,risk_3.0_IQR,10.0,56781.0
3.2_score_by_risk,risk_3.0_median,risk_3.0_median,10.0,88877.0,risk_3.0_median,0.0,56781.0
3.3_result_violation,chi2,,,,chi2,70631.3375,71649.0
3.3_result_violation,chi2_p,,,,chi2_p,0.0,71649.0
3.3_result_violation,count_BLUE_Complete,count_BLUE_Complete,76.0,66675.0,,,
3.3_result_violation,count_BLUE_Satisfactory,count_BLUE_Satisfactory,14701.0,66675.0,,,
3.3_result_violation,count_BLUE_Unsatisfactory,count_BLUE_Unsatisfactory,18675.0,66675.0,,,
3.3_result_violation,count_RED_Complete,count_RED_Complete,77.0,66675.0,,,
3.3_result_violation,count_RED_Satisfactory,count_RED_Satisfactory,90.0,66675.0,,,
3.3_result_violation,count_RED_Unsatisfactory,count_RED_Unsatisfactory,33056.0,66675.0,,,
3.3_result_violation,cramers_v,,,,cramers_v,0.9929,71649.0
3.3_result_violation,dof,,,,dof,2.0,71649.0
3.4_type_score,cohens_d,cohens_d,0.0531,104499.0,cohens_d,0.0334,69891.0
3.4_type_score,mann_whitney_U,mann_whitney_U,155262104.0,104499.0,mann_whitney_U,80771647.0,69891.0
3.4_type_score,mann_whitney_p,mann_whitney_p,1.0505555239920896e-24,104499.0,mann_whitney_p,2.365281497127273e-34,69891.0
3.4_type_score,rank_biserial_r,rank_biserial_r,-0.1117,104499.0,rank_biserial_r,-0.1437,69891.0
3.4_type_score,return_mean,return_mean,14.6543,2745.0,return_mean,6.5785,2083.0
3.4_type_score,routine_mean,routine_mean,15.787,101754.0,routine_mean,7.0225,67808.0
3.4_type_score,welch_p,welch_p,0.0060310188199929,104499.0,welch_p,0.15111093893644162,69891.0
3.4_type_score,welch_t,welch_t,2.7481,104499.0,welch_t,1.4361,69891.0
3.5_logistic,ci_lower,ci_lower,0.03885,106257.0,ci_lower,0.04844,71649.0
3.5_logistic,ci_upper,ci_upper,0.058001,106257.0,ci_upper,0.064393,71649.0
3.5_logistic,coef_score,coef_score,0.048425,106257.0,coef_score,0.056416,71649.0
3.5_logistic,n_closures,n_closures,151.0,106257.0,n_closures,28.0,71649.0
3.5_logistic,n_total,n_total,106257.0,106257.0,n_total,71649.0,71649.0
3.5_logistic,p_value,p_value,3.697255264600914e-23,106257.0,p_value,1.070636429367603e-43,71649.0
4_circularity,exact_match_count,,,,exact_match_count,71622.0,71649.0
4_circularity,exact_match_pct,,,,exact_match_pct,99.96,71649.0
4_circularity,pearson_p,,,,pearson_p,0.0,71649.0
4_circularity,pearson_r,,,,pearson_r,0.9999,71649.0
4_circularity,spearman_p,,,,spearman_p,0.0,71649.0
4_circularity,spearman_r,,,,spearman_r,0.9996,71649.0
