analysis,statistic,row_value,row_n,inspection_value,inspection_n
3.1_correlation,pearson_Closed_vs_is_blue,-0.0105,93354.0,,
3.1_correlation,pearson_Closed_vs_is_red,0.0385,93354.0,,
3.1_correlation,pearson_Grade_ord_vs_Closed,-0.1015,93354.0,-0.0597,60271.0
3.1_correlation,pearson_Grade_ord_vs_Result_enc,-0.4338,93354.0,-0.3312,60271.0
3.1_correlation,pearson_Grade_ord_vs_is_blue,-0.0717,93354.0,,
3.1_correlation,pearson_Grade_ord_vs_is_red,-0.3029,93354.0,,
3.1_correlation,pearson_Inspection_Score_vs_Closed,0.1258,93354.0,0.0833,60271.0
3.1_correlation,pearson_Inspection_Score_vs_Grade_ord,-0.5473,93354.0,-0.4469,60271.0
3.1_correlation,pearson_Inspection_Score_vs_Result_enc,0.6067,93354.0,0.6288,60271.0
3.1_correlation,pearson_Inspection_Score_vs_Risk_Category,0.1746,93354.0,0.1398,60271.0
3.1_correlation,pearson_Inspection_Score_vs_Violation_Points,0.5233,93354.0,,
3.1_correlation,pearson_Inspection_Score_vs_has_red,,,0.669,60271.0
3.1_correlation,pearson_Inspection_Score_vs_is_blue,0.1621,93354.0,,
3.1_correlation,pearson_Inspection_Score_vs_is_red,0.3814,93354.0,,
3.1_correlation,pearson_Inspection_Score_vs_n_violations,,,0.8903,60271.0
3.1_correlation,pearson_Inspection_Score_vs_total_violation_pts,,,0.9999,60271.0
3.1_correlation,pearson_Result_enc_vs_Closed,0.0371,93354.0,0.0291,60271.0
3.1_correlation,pearson_Result_enc_vs_is_blue,0.0908,93354.0,,
3.1_correlation,pearson_Result_enc_vs_is_red,0.6387,93354.0,,
3.1_correlation,pearson_Risk_Category_vs_Closed,0.008,93354.0,0.0042,60271.0
3.1_correlation,pearson_Risk_Category_vs_Grade_ord,-0.136,93354.0,-0.1111,60271.0
3.1_correlation,pearson_Risk_Category_vs_Result_enc,0.1755,93354.0,0.1231,60271.0
3.1_correlation,pearson_Risk_Category_vs_is_blue,0.0623,93354.0,,
3.1_correlation,pearson_Risk_Category_vs_is_red,0.1225,93354.0,,
3.1_correlation,pearson_Violation_Points_vs_Closed,0.0413,93354.0,,
3.1_correlation,pearson_Violation_Points_vs_Grade_ord,-0.3437,93354.0,,
3.1_correlation,pearson_Violation_Points_vs_Result_enc,0.5667,93354.0,,
3.1_correlation,pearson_Violation_Points_vs_Risk_Category,0.1381,93354.0,,
3.1_correlation,pearson_Violation_Points_vs_is_blue,-0.0653,93354.0,,
3.1_correlation,pearson_Violation_Points_vs_is_red,0.6619,93354.0,,
3.1_correlation,pearson_has_red_vs_Closed,,,0.0294,60271.0
3.1_correlation,pearson_has_red_vs_Grade_ord,,,-0.3853,60271.0
3.1_correlation,pearson_has_red_vs_Result_enc,,,0.9273,60271.0
3.1_correlation,pearson_has_red_vs_Risk_Category,,,0.1529,60271.0
3.1_correlation,pearson_is_red_vs_is_blue,-0.5001,93354.0,,
3.1_correlation,pearson_n_violations_vs_Closed,,,0.0598,60271.0
3.1_correlation,pearson_n_violations_vs_Grade_ord,,,-0.4069,60271.0
3.1_correlation,pearson_n_violations_vs_Result_enc,,,0.6162,60271.0
3.1_correlation,pearson_n_violations_vs_Risk_Category,,,0.1415,60271.0
3.1_correlation,pearson_n_violations_vs_has_red,,,0.6483,60271.0
3.1_correlation,pearson_total_violation_pts_vs_Closed,,,0.0833,60271.0
3.1_correlation,pearson_total_violation_pts_vs_Grade_ord,,,-0.4471,60271.0
3.1_correlation,pearson_total_violation_pts_vs_Result_enc,,,0.6288,60271.0
3.1_correlation,pearson_total_violation_pts_vs_Risk_Category,,,0.1398,60271.0
3.1_correlation,pearson_total_violation_pts_vs_has_red,,,0.6692,60271.0
3.1_correlation,pearson_total_violation_pts_vs_n_violations,,,0.8904,60271.0
3.1_correlation,spearman_Closed_vs_is_blue,-0.0105,93354.0,,
3.1_correlation,spearman_Closed_vs_is_red,0.0385,93354.0,,
3.1_correlation,spearman_Grade_ord_vs_Closed,-0.0675,93354.0,-0.0344,60271.0
3.1_correlation,spearman_Grade_ord_vs_Result_enc,-0.4722,93354.0,-0.3652,60271.0
3.1_correlation,spearman_Grade_ord_vs_is_blue,-0.08,93354.0,,
3.1_correlation,spearman_Grade_ord_vs_is_red,-0.3133,93354.0,,
3.1_correlation,spearman_Inspection_Score_vs_Closed,0.0612,93354.0,0.0342,60271.0
3.1_correlation,spearman_Inspection_Score_vs_Grade_ord,-0.557,93354.0,-0.4088,60271.0
3.1_correlation,spearman_Inspection_Score_vs_Result_enc,0.8216,93354.0,0.8035,60271.0
3.1_correlation,spearman_Inspection_Score_vs_Risk_Category,0.2257,93354.0,0.1676,60271.0
3.1_correlation,spearman_Inspection_Score_vs_Violation_Points,0.7958,93354.0,,
3.1_correlation,spearman_Inspection_Score_vs_has_red,,,0.8228,60271.0
3.1_correlation,spearman_Inspection_Score_vs_is_blue,0.3221,93354.0,,
3.1_correlation,spearman_Inspection_Score_vs_is_red,0.5106,93354.0,,
3.1_correlation,spearman_Inspection_Score_vs_n_violations,,,0.975,60271.0
3.1_correlation,spearman_Inspection_Score_vs_total_violation_pts,,,0.9996,60271.0
3.1_correlation,spearman_Result_enc_vs_Closed,0.0382,93354.0,0.0301,60271.0
3.1_correlation,spearman_Result_enc_vs_is_blue,0.0808,93354.0,,
3.1_correlation,spearman_Result_enc_vs_is_red,0.659,93354.0,,
3.1_correlation,spearman_Risk_Category_vs_Closed,0.0084,93354.0,0.005,60271.0
3.1_correlation,spearman_Risk_Category_vs_Grade_ord,-0.1594,93354.0,-0.1355,60271.0
3.1_correlation,spearman_Risk_Category_vs_Result_enc,0.1985,93354.0,0.1421,60271.0
3.1_correlation,spearman_Risk_Category_vs_is_blue,0.0626,93354.0,,
3.1_correlation,spearman_Risk_Category_vs_is_red,0.1303,93354.0,,
3.1_correlation,spearman_Violation_Points_vs_Closed,0.04,93354.0,,
3.1_correlation,spearman_Violation_Points_vs_Grade_ord,-0.402,93354.0,,
3.1_correlation,spearman_Violation_Points_vs_Result_enc,0.7465,93354.0,,
3.1_correlation,spearman_Violation_Points_vs_Risk_Category,0.1778,93354.0,,
3.1_correlation,spearman_Violation_Points_vs_is_blue,0.1327,93354.0,,
3.1_correlation,spearman_Violation_Points_vs_is_red,0.7262,93354.0,,
3.1_correlation,spearman_has_red_vs_Closed,,,0.0294,60271.0
3.1_correlation,spearman_has_red_vs_Grade_ord,,,-0.4009,60271.0
3.1_correlation,spearman_has_red_vs_Result_enc,,,0.9574,60271.0
3.1_correlation,spearman_has_red_vs_Risk_Category,,,0.1625,60271.0
3.1_correlation,spearman_is_red_vs_is_blue,-0.5001,93354.0,,
3.1_correlation,spearman_n_violations_vs_Closed,,,0.0317,60271.0
3.1_correlation,spearman_n_violations_vs_Grade_ord,,,-0.3817,60271.0
3.1_correlation,spearman_n_violations_vs_Result_enc,,,0.7449,60271.0
3.1_correlation,spearman_n_violations_vs_Risk_Category,,,0.1617,60271.0
3.1_correlation,spearman_n_violations_vs_has_red,,,0.7591,60271.0
3.1_correlation,spearman_total_violation_pts_vs_Closed,,,0.0342,60271.0
3.1_correlation,spearman_total_violation_pts_vs_Grade_ord,,,-0.4091,60271.0
3.1_correlation,spearman_total_violation_pts_vs_Result_enc,,,0.8036,60271.0
3.1_correlation,spearman_total_violation_pts_vs_Risk_Category,,,0.1675,60271.0
3.1_correlation,spearman_total_violation_pts_vs_has_red,,,0.8232,60271.0
3.1_correlation,spearman_total_violation_pts_vs_n_violations,,,0.9753,60271.0
3.2_score_by_risk,kruskal_H,6110.2848,105631.0,2161.4437,71148.0
3.2_score_by_risk,kruskal_p,0.0,105631.0,0.0,71148.0
3.2_score_by_risk,risk_1.0_IQR,7.0,7482.0,3.0,6541.0
3.2_score_by_risk,risk_1.0_median,0.0,7482.0,0.0,6541.0
3.2_score_by_risk,risk_2.0_IQR,10.0,9272.0,5.0,7826.0
3.2_score_by_risk,risk_2.0_median,0.0,9272.0,0.0,7826.0
3.2_score_by_risk,risk_3.0_IQR,25.0,88877.0,10.0,56781.0
3.2_score_by_risk,risk_3.0_median,10.0,88877.0,0.0,56781.0
3.3_result_violation,chi2,,,70631.3375,71649.0
3.3_result_violation,chi2_p,,,0.0,71649.0
3.3_result_violation,count_BLUE_Complete,76.0,66675.0,,
3.3_result_violation,count_BLUE_Satisfactory,14701.0,66675.0,,
3.3_result_violation,count_BLUE_Unsatisfactory,18675.0,66675.0,,
3.3_result_violation,count_RED_Complete,77.0,66675.0,,
3.3_result_violation,count_RED_Satisfactory,90.0,66675.0,,
3.3_result_violation,count_RED_Unsatisfactory,33056.0,66675.0,,
3.3_result_violation,cramers_v,,,0.9929,71649.0
3.3_result_violation,dof,,,2.0,71649.0
3.4_type_score,cohens_d,0.0531,104499.0,0.0334,69891.0
3.4_type_score,mann_whitney_U,155262104.0,104499.0,80771647.0,69891.0
3.4_type_score,mann_whitney_p,1.0505555239920896e-24,104499.0,2.365281497127273e-34,69891.0
3.4_type_score,rank_biserial_r,-0.1117,104499.0,-0.1437,69891.0
3.4_type_score,return_mean,14.6543,2745.0,6.5785,2083.0
3.4_type_score,routine_mean,15.787,101754.0,7.0225,67808.0
3.4_type_score,welch_p,0.0060310188199929,104499.0,0.15111093893644162,69891.0
3.4_type_score,welch_t,2.7481,104499.0,1.4361,69891.0
3.5_logistic,ci_lower,0.03885,106257.0,0.04844,71649.0
3.5_logistic,ci_upper,0.058001,106257.0,0.064393,71649.0
3.5_logistic,coef_score,0.048425,106257.0,0.056416,71649.0
3.5_logistic,n_closures,151.0,106257.0,28.0,71649.0
3.5_logistic,n_total,106257.0,106257.0,71649.0,71649.0
3.5_logistic,p_value,3.697255264600914e-23,106257.0,1.070636429367603e-43,71649.0
4_circularity,exact_match_count,,,71622.0,71649.0
4_circularity,exact_match_pct,,,99.96,71649.0
4_circularity,pearson_p,,,0.0,71649.0
4_circularity,pearson_r,,,0.9999,71649.0
4_circularity,spearman_p,,,0.0,71649.0
4_circularity,spearman_r,,,0.9996,71649.0
