analysis,level,statistic,value,n
3.1_correlation,row,pearson_Inspection_Score_vs_Violation_Points,0.5282,92189
3.1_correlation,row,spearman_Inspection_Score_vs_Violation_Points,0.7985,92189
3.1_correlation,row,pearson_Inspection_Score_vs_Risk_Category,0.1753,92189
3.1_correlation,row,spearman_Inspection_Score_vs_Risk_Category,0.2259,92189
3.1_correlation,row,pearson_Inspection_Score_vs_Grade_ord,-0.5369,92189
3.1_correlation,row,spearman_Inspection_Score_vs_Grade_ord,-0.5511,92189
3.1_correlation,row,pearson_Inspection_Score_vs_Result_enc,0.6105,92189
3.1_correlation,row,spearman_Inspection_Score_vs_Result_enc,0.8215,92189
3.1_correlation,row,pearson_Inspection_Score_vs_Closed,0.0517,92189
3.1_correlation,row,spearman_Inspection_Score_vs_Closed,0.0256,92189
3.1_correlation,row,pearson_Inspection_Score_vs_is_red,0.383,92189
3.1_correlation,row,spearman_Inspection_Score_vs_is_red,0.5107,92189
3.1_correlation,row,pearson_Inspection_Score_vs_is_blue,0.1674,92189
3.1_correlation,row,spearman_Inspection_Score_vs_is_blue,0.3272,92189
3.1_correlation,row,pearson_Violation_Points_vs_Risk_Category,0.1387,92189
3.1_correlation,row,spearman_Violation_Points_vs_Risk_Category,0.1783,92189
3.1_correlation,row,pearson_Violation_Points_vs_Grade_ord,-0.3447,92189
3.1_correlation,row,spearman_Violation_Points_vs_Grade_ord,-0.3999,92189
3.1_correlation,row,pearson_Violation_Points_vs_Result_enc,0.5685,92189
3.1_correlation,row,spearman_Violation_Points_vs_Result_enc,0.7469,92189
3.1_correlation,row,pearson_Violation_Points_vs_Closed,0.0164,92189
3.1_correlation,row,spearman_Violation_Points_vs_Closed,0.0185,92189
3.1_correlation,row,pearson_Violation_Points_vs_is_red,0.6618,92189
3.1_correlation,row,spearman_Violation_Points_vs_is_red,0.7247,92189
3.1_correlation,row,pearson_Violation_Points_vs_is_blue,-0.06,92189
3.1_correlation,row,spearman_Violation_Points_vs_is_blue,0.14,92189
3.1_correlation,row,pearson_Risk_Category_vs_Grade_ord,-0.1373,92189
3.1_correlation,row,spearman_Risk_Category_vs_Grade_ord,-0.1586,92189
3.1_correlation,row,pearson_Risk_Category_vs_Result_enc,0.1754,92189
3.1_correlation,row,spearman_Risk_Category_vs_Result_enc,0.1982,92189
3.1_correlation,row,pearson_Risk_Category_vs_Closed,0.0068,92189
3.1_correlation,row,spearman_Risk_Category_vs_Closed,0.0072,92189
3.1_correlation,row,pearson_Risk_Category_vs_is_red,0.1229,92189
3.1_correlation,row,spearman_Risk_Category_vs_is_red,0.1309,92189
3.1_correlation,row,pearson_Risk_Category_vs_is_blue,0.0627,92189
3.1_correlation,row,spearman_Risk_Category_vs_is_blue,0.0629,92189
3.1_correlation,row,pearson_Grade_ord_vs_Result_enc,-0.4377,92189
3.1_correlation,row,spearman_Grade_ord_vs_Result_enc,-0.4699,92189
3.1_correlation,row,pearson_Grade_ord_vs_Closed,-0.0242,92189
3.1_correlation,row,spearman_Grade_ord_vs_Closed,-0.0215,92189
3.1_correlation,row,pearson_Grade_ord_vs_is_red,-0.305,92189
3.1_correlation,row,spearman_Grade_ord_vs_is_red,-0.3117,92189
3.1_correlation,row,pearson_Grade_ord_vs_is_blue,-0.0751,92189
3.1_correlation,row,spearman_Grade_ord_vs_is_blue,-0.0815,92189
3.1_correlation,row,pearson_Result_enc_vs_Closed,0.0181,92189
3.1_correlation,row,spearman_Result_enc_vs_Closed,0.0186,92189
3.1_correlation,row,pearson_Result_enc_vs_is_red,0.6402,92189
3.1_correlation,row,spearman_Result_enc_vs_is_red,0.6604,92189
3.1_correlation,row,pearson_Result_enc_vs_is_blue,0.0911,92189
3.1_correlation,row,spearman_Result_enc_vs_is_blue,0.0811,92189
3.1_correlation,row,pearson_Closed_vs_is_red,0.0172,92189
3.1_correlation,row,spearman_Closed_vs_is_red,0.0172,92189
3.1_correlation,row,pearson_Closed_vs_is_blue,-0.0044,92189
3.1_correlation,row,spearman_Closed_vs_is_blue,-0.0044,92189
3.1_correlation,row,pearson_is_red_vs_is_blue,-0.4968,92189
3.1_correlation,row,spearman_is_red_vs_is_blue,-0.4968,92189
3.1_correlation,inspection,pearson_Inspection_Score_vs_total_violation_pts,0.9999,59893
3.1_correlation,inspection,spearman_Inspection_Score_vs_total_violation_pts,0.9996,59893
3.1_correlation,inspection,pearson_Inspection_Score_vs_n_violations,0.8888,59893
3.1_correlation,inspection,spearman_Inspection_Score_vs_n_violations,0.975,59893
3.1_correlation,inspection,pearson_Inspection_Score_vs_has_red,0.672,59893
3.1_correlation,inspection,spearman_Inspection_Score_vs_has_red,0.8217,59893
3.1_correlation,inspection,pearson_Inspection_Score_vs_Risk_Category,0.1406,59893
3.1_correlation,inspection,spearman_Inspection_Score_vs_Risk_Category,0.1678,59893
3.1_correlation,inspection,pearson_Inspection_Score_vs_Grade_ord,-0.4434,59893
3.1_correlation,inspection,spearman_Inspection_Score_vs_Grade_ord,-0.4067,59893
3.1_correlation,inspection,pearson_Inspection_Score_vs_Result_enc,0.6319,59893
3.1_correlation,inspection,spearman_Inspection_Score_vs_Result_enc,0.8026,59893
3.1_correlation,inspection,pearson_Inspection_Score_vs_Closed,0.0287,59893
3.1_correlation,inspection,spearman_Inspection_Score_vs_Closed,0.0151,59893
3.1_correlation,inspection,pearson_total_violation_pts_vs_n_violations,0.8888,59893
3.1_correlation,inspection,spearman_total_violation_pts_vs_n_violations,0.9753,59893
3.1_correlation,inspection,pearson_total_violation_pts_vs_has_red,0.6722,59893
3.1_correlation,inspection,spearman_total_violation_pts_vs_has_red,0.8221,59893
3.1_correlation,inspection,pearson_total_violation_pts_vs_Risk_Category,0.1406,59893
3.1_correlation,inspection,spearman_total_violation_pts_vs_Risk_Category,0.1678,59893
3.1_correlation,inspection,pearson_total_violation_pts_vs_Grade_ord,-0.4435,59893
3.1_correlation,inspection,spearman_total_violation_pts_vs_Grade_ord,-0.407,59893
3.1_correlation,inspection,pearson_total_violation_pts_vs_Result_enc,0.6319,59893
3.1_correlation,inspection,spearman_total_violation_pts_vs_Result_enc,0.8027,59893
3.1_correlation,inspection,pearson_total_violation_pts_vs_Closed,0.0287,59893
3.1_correlation,inspection,spearman_total_violation_pts_vs_Closed,0.0151,59893
3.1_correlation,inspection,pearson_n_violations_vs_has_red,0.6496,59893
3.1_correlation,inspection,spearman_n_violations_vs_has_red,0.7578,59893
3.1_correlation,inspection,pearson_n_violations_vs_Risk_Category,0.142,59893
3.1_correlation,inspection,spearman_n_violations_vs_Risk_Category,0.1618,59893
3.1_correlation,inspection,pearson_n_violations_vs_Grade_ord,-0.4048,59893
3.1_correlation,inspection,spearman_n_violations_vs_Grade_ord,-0.3797,59893
3.1_correlation,inspection,pearson_n_violations_vs_Result_enc,0.6175,59893
3.1_correlation,inspection,spearman_n_violations_vs_Result_enc,0.7437,59893
3.1_correlation,inspection,pearson_n_violations_vs_Closed,0.022,59893
3.1_correlation,inspection,spearman_n_violations_vs_Closed,0.0128,59893
3.1_correlation,inspection,pearson_has_red_vs_Risk_Category,0.1529,59893
3.1_correlation,inspection,spearman_has_red_vs_Risk_Category,0.1626,59893
3.1_correlation,inspection,pearson_has_red_vs_Grade_ord,-0.3897,59893
3.1_correlation,inspection,spearman_has_red_vs_Grade_ord,-0.4,59893
3.1_correlation,inspection,pearson_has_red_vs_Result_enc,0.9276,59893
3.1_correlation,inspection,spearman_has_red_vs_Result_enc,0.9575,59893
3.1_correlation,inspection,pearson_has_red_vs_Closed,0.0148,59893
3.1_correlation,inspection,spearman_has_red_vs_Closed,0.0148,59893
3.1_correlation,inspection,pearson_Risk_Category_vs_Grade_ord,-0.1115,59893
3.1_correlation,inspection,spearman_Risk_Category_vs_Grade_ord,-0.1346,59893
3.1_correlation,inspection,pearson_Risk_Category_vs_Result_enc,0.1231,59893
3.1_correlation,inspection,spearman_Risk_Category_vs_Result_enc,0.1421,59893
3.1_correlation,inspection,pearson_Risk_Category_vs_Closed,0.005,59893
3.1_correlation,inspection,spearman_Risk_Category_vs_Closed,0.0053,59893
3.1_correlation,inspection,pearson_Grade_ord_vs_Result_enc,-0.3356,59893
3.1_correlation,inspection,spearman_Grade_ord_vs_Result_enc,-0.3646,59893
3.1_correlation,inspection,pearson_Grade_ord_vs_Closed,-0.0118,59893
3.1_correlation,inspection,spearman_Grade_ord_vs_Closed,-0.0096,59893
3.1_correlation,inspection,pearson_Result_enc_vs_Closed,0.0166,59893
3.1_correlation,inspection,spearman_Result_enc_vs_Closed,0.0172,59893
3.2_score_by_risk,row,risk_1.0_median,0.0,7482
3.2_score_by_risk,row,risk_1.0_IQR,7.0,7482
3.2_score_by_risk,row,risk_2.0_median,0.0,9272
3.2_score_by_risk,row,risk_2.0_IQR,10.0,9272
3.2_score_by_risk,row,risk_3.0_median,10.0,88877
3.2_score_by_risk,row,risk_3.0_IQR,25.0,88877
3.2_score_by_risk,row,kruskal_H,6110.2848,105631
3.2_score_by_risk,row,kruskal_p,0.0,105631
3.2_score_by_risk,inspection,risk_1.0_median,0.0,6541
3.2_score_by_risk,inspection,risk_1.0_IQR,3.0,6541
3.2_score_by_risk,inspection,risk_2.0_median,0.0,7826
3.2_score_by_risk,inspection,risk_2.0_IQR,5.0,7826
3.2_score_by_risk,inspection,risk_3.0_median,0.0,56781
3.2_score_by_risk,inspection,risk_3.0_IQR,10.0,56781
3.2_score_by_risk,inspection,kruskal_H,2161.4437,71148
3.2_score_by_risk,inspection,kruskal_p,0.0,71148
3.3_result_violation,row,count_BLUE_Complete,76.0,66675
3.3_result_violation,row,count_BLUE_Satisfactory,14701.0,66675
3.3_result_violation,row,count_BLUE_Unsatisfactory,18675.0,66675
3.3_result_violation,row,count_RED_Complete,77.0,66675
3.3_result_violation,row,count_RED_Satisfactory,90.0,66675
3.3_result_violation,row,count_RED_Unsatisfactory,33056.0,66675
3.3_result_violation,inspection,chi2,70631.3375,71649
3.3_result_violation,inspection,chi2_p,0.0,71649
3.3_result_violation,inspection,cramers_v,0.9929,71649
3.3_result_violation,inspection,dof,2.0,71649
3.4_type_score,row,welch_t,2.7481,104499
3.4_type_score,row,welch_p,0.0060310188199929,104499
3.4_type_score,row,cohens_d,0.0531,104499
3.4_type_score,row,mann_whitney_U,155262104.0,104499
3.4_type_score,row,mann_whitney_p,1.0505555239920896e-24,104499
3.4_type_score,row,rank_biserial_r,-0.1117,104499
3.4_type_score,row,routine_mean,15.787,101754
3.4_type_score,row,return_mean,14.6543,2745
3.4_type_score,inspection,welch_t,1.4361,69891
3.4_type_score,inspection,welch_p,0.15111093893644162,69891
3.4_type_score,inspection,cohens_d,0.0334,69891
3.4_type_score,inspection,mann_whitney_U,80771647.0,69891
3.4_type_score,inspection,mann_whitney_p,2.365281497127273e-34,69891
3.4_type_score,inspection,rank_biserial_r,-0.1437,69891
3.4_type_score,inspection,routine_mean,7.0225,67808
3.4_type_score,inspection,return_mean,6.5785,2083
3.5_logistic,row,n_total,106257.0,106257
3.5_logistic,row,n_closures,151.0,106257
3.5_logistic,row,coef_score,0.048425,106257
3.5_logistic,row,ci_lower,0.03885,106257
3.5_logistic,row,ci_upper,0.058001,106257
3.5_logistic,row,p_value,3.697255264600914e-23,106257
3.5_logistic,inspection,n_total,71649.0,71649
3.5_logistic,inspection,n_closures,28.0,71649
3.5_logistic,inspection,coef_score,0.056416,71649
3.5_logistic,inspection,ci_lower,0.04844,71649
3.5_logistic,inspection,ci_upper,0.064393,71649
3.5_logistic,inspection,p_value,1.070636429367603e-43,71649
4_circularity,inspection,pearson_r,0.9999,71649
4_circularity,inspection,pearson_p,0.0,71649
4_circularity,inspection,spearman_r,0.9996,71649
4_circularity,inspection,spearman_p,0.0,71649
4_circularity,inspection,exact_match_count,71622.0,71649
4_circularity,inspection,exact_match_pct,99.96,71649
